[
  {
    "id": "4e4f81cf-5fa7-4fde-b277-07beab5cbb9b",
    "type": "CREATE$$@atrilabs/app-design-forest/lib/cssTree.js",
    "meta": {},
    "state": {
      "parent": {
        "id": "",
        "index": 0
      },
      "property": {
        "styles": {
          "display": "flex"
        }
      }
    }
  },
  {
    "type": "LINK$$@atrilabs/app-design-forest/lib/cssTree.js",
    "refId": "d9899c38-cc74-4869-bbd7-ddbd27e1eae7",
    "childId": "4e4f81cf-5fa7-4fde-b277-07beab5cbb9b"
  },
  {
    "id": "ac5a60b2-1add-4766-b18d-c58f6a824b7c",
    "type": "CREATE$$@atrilabs/app-design-forest/lib/callbackHandlerTree.js",
    "meta": {},
    "state": {
      "parent": {
        "id": "",
        "index": 0
      },
      "property": {
        "callbacks": {}
      }
    }
  },
  {
    "type": "LINK$$@atrilabs/app-design-forest/lib/callbackHandlerTree.js",
    "refId": "d9899c38-cc74-4869-bbd7-ddbd27e1eae7",
    "childId": "ac5a60b2-1add-4766-b18d-c58f6a824b7c"
  },
  {
    "id": "d9899c38-cc74-4869-bbd7-ddbd27e1eae7",
    "type": "CREATE$$@atrilabs/app-design-forest/lib/componentTree.js",
    "meta": {
      "pkg": "@atrilabs/react-component-manifests",
      "key": "Flex",
      "manifestSchemaId": "@atrilabs/react-component-manifest-schema"
    },
    "state": {
      "parent": {
        "id": "body",
        "index": 1
      }
    }
  },
  {
    "type": "PATCH$$@atrilabs/app-design-forest/lib/cssTree.js",
    "slice": {
      "property": {
        "styles": {
          "boxShadow": ""
        }
      }
    },
    "id": "4e4f81cf-5fa7-4fde-b277-07beab5cbb9b"
  },
  {
    "id": "d9899c38-cc74-4869-bbd7-ddbd27e1eae7",
    "type": "PATCH$$@atrilabs/app-design-forest/lib/componentTree.js",
    "slice": {
      "alias": "Flex1"
    }
  },
  {
    "type": "PATCH$$@atrilabs/app-design-forest/lib/cssTree.js",
    "slice": {
      "property": {
        "styles": {
          "boxShadow": "0px 00px 0px 0px "
        }
      }
    },
    "id": "4e4f81cf-5fa7-4fde-b277-07beab5cbb9b"
  },
  {
    "id": "d8c05d63-e2ef-43f4-b3a7-d8158cbe5346",
    "type": "CREATE$$@atrilabs/app-design-forest/lib/cssTree.js",
    "meta": {},
    "state": {
      "parent": {
        "id": "",
        "index": 0
      },
      "property": {
        "styles": {}
      }
    }
  },
  {
    "type": "LINK$$@atrilabs/app-design-forest/lib/cssTree.js",
    "refId": "a458dc89-cac1-4831-9f13-3f7c97025dac",
    "childId": "d8c05d63-e2ef-43f4-b3a7-d8158cbe5346"
  },
  {
    "id": "7ac1facb-f2bf-4b51-8884-28a3ee91ff2c",
    "type": "CREATE$$@atrilabs/app-design-forest/lib/callbackHandlerTree.js",
    "meta": {},
    "state": {
      "parent": {
        "id": "",
        "index": 0
      },
      "property": {
        "callbacks": {}
      }
    }
  },
  {
    "type": "LINK$$@atrilabs/app-design-forest/lib/callbackHandlerTree.js",
    "refId": "a458dc89-cac1-4831-9f13-3f7c97025dac",
    "childId": "7ac1facb-f2bf-4b51-8884-28a3ee91ff2c"
  },
  {
    "id": "a458dc89-cac1-4831-9f13-3f7c97025dac",
    "type": "CREATE$$@atrilabs/app-design-forest/lib/componentTree.js",
    "meta": {
      "pkg": "@atrilabs/react-component-manifests",
      "key": "Div",
      "manifestSchemaId": "@atrilabs/react-component-manifest-schema"
    },
    "state": {
      "parent": {
        "id": "body",
        "index": 2
      }
    }
  },
  {
    "type": "PATCH$$@atrilabs/app-design-forest/lib/cssTree.js",
    "slice": {
      "property": {
        "styles": {
          "boxShadow": ""
        }
      }
    },
    "id": "d8c05d63-e2ef-43f4-b3a7-d8158cbe5346"
  },
  {
    "id": "a458dc89-cac1-4831-9f13-3f7c97025dac",
    "type": "PATCH$$@atrilabs/app-design-forest/lib/componentTree.js",
    "slice": {
      "alias": "Div1"
    }
  },
  {
    "type": "PATCH$$@atrilabs/app-design-forest/lib/cssTree.js",
    "slice": {
      "property": {
        "styles": {
          "boxShadow": "0px 00px 0px 0px "
        }
      }
    },
    "id": "d8c05d63-e2ef-43f4-b3a7-d8158cbe5346"
  },
  {
    "type": "PATCH$$@atrilabs/app-design-forest/lib/cssTree.js",
    "slice": {
      "property": {
        "styles": {
          "boxShadow": ""
        }
      }
    },
    "id": "4e4f81cf-5fa7-4fde-b277-07beab5cbb9b"
  },
  {
    "type": "PATCH$$@atrilabs/app-design-forest/lib/cssTree.js",
    "slice": {
      "property": {
        "styles": {
          "boxShadow": "0px 00px 0px 0px "
        }
      }
    },
    "id": "4e4f81cf-5fa7-4fde-b277-07beab5cbb9b"
  },
  {
    "type": "PATCH$$@atrilabs/app-design-forest/lib/cssTree.js",
    "slice": {
      "property": {
        "styles": {
          "boxShadow": ""
        }
      }
    },
    "id": "d8c05d63-e2ef-43f4-b3a7-d8158cbe5346"
  },
  {
    "type": "PATCH$$@atrilabs/app-design-forest/lib/cssTree.js",
    "slice": {
      "property": {
        "styles": {
          "boxShadow": "0px 00px 0px 0px "
        }
      }
    },
    "id": "d8c05d63-e2ef-43f4-b3a7-d8158cbe5346"
  },
  {
    "type": "PATCH$$@atrilabs/app-design-forest/lib/cssTree.js",
    "slice": {
      "property": {
        "styles": {
          "boxShadow": ""
        }
      }
    },
    "id": "4e4f81cf-5fa7-4fde-b277-07beab5cbb9b"
  },
  {
    "type": "PATCH$$@atrilabs/app-design-forest/lib/cssTree.js",
    "slice": {
      "property": {
        "styles": {
          "boxShadow": "0px 00px 0px 0px "
        }
      }
    },
    "id": "4e4f81cf-5fa7-4fde-b277-07beab5cbb9b"
  },
  {
    "type": "PATCH$$@atrilabs/app-design-forest/lib/cssTree.js",
    "slice": {
      "property": {
        "styles": {
          "boxShadow": ""
        }
      }
    },
    "id": "d8c05d63-e2ef-43f4-b3a7-d8158cbe5346"
  },
  {
    "type": "PATCH$$@atrilabs/app-design-forest/lib/cssTree.js",
    "slice": {
      "property": {
        "styles": {
          "boxShadow": "0px 00px 0px 0px "
        }
      }
    },
    "id": "d8c05d63-e2ef-43f4-b3a7-d8158cbe5346"
  },
  {
    "type": "PATCH$$@atrilabs/app-design-forest/lib/cssTree.js",
    "slice": {
      "property": {
        "styles": {
          "boxShadow": ""
        }
      }
    },
    "id": "4e4f81cf-5fa7-4fde-b277-07beab5cbb9b"
  },
  {
    "type": "PATCH$$@atrilabs/app-design-forest/lib/cssTree.js",
    "slice": {
      "property": {
        "styles": {
          "boxShadow": "0px 00px 0px 0px "
        }
      }
    },
    "id": "4e4f81cf-5fa7-4fde-b277-07beab5cbb9b"
  },
  {
    "id": "0dad607b-5fab-437e-aa79-8a4bd2383386",
    "type": "CREATE$$@atrilabs/app-design-forest/lib/cssTree.js",
    "meta": {},
    "state": {
      "parent": {
        "id": "",
        "index": 0
      },
      "property": {
        "styles": {
          "width": "400px"
        }
      }
    }
  },
  {
    "type": "LINK$$@atrilabs/app-design-forest/lib/cssTree.js",
    "refId": "15dc78fc-a5c6-4377-acd8-931c82a8ba9e",
    "childId": "0dad607b-5fab-437e-aa79-8a4bd2383386"
  },
  {
    "id": "4a343b25-ba5c-4fad-9a7d-0d48eb1f2f97",
    "type": "CREATE$$@atrilabs/app-design-forest/lib/customPropsTree.js",
    "meta": {},
    "state": {
      "parent": {
        "id": "",
        "index": 0
      },
      "property": {
        "custom": {
          "minValue": 0,
          "maxValue": 100,
          "value": 50
        }
      }
    }
  },
  {
    "type": "LINK$$@atrilabs/app-design-forest/lib/customPropsTree.js",
    "refId": "15dc78fc-a5c6-4377-acd8-931c82a8ba9e",
    "childId": "4a343b25-ba5c-4fad-9a7d-0d48eb1f2f97"
  },
  {
    "id": "4b44b1ea-9d51-41cc-81a0-fa1ad369fe9c",
    "type": "CREATE$$@atrilabs/app-design-forest/lib/callbackHandlerTree.js",
    "meta": {},
    "state": {
      "parent": {
        "id": "",
        "index": 0
      },
      "property": {
        "callbacks": {}
      }
    }
  },
  {
    "type": "LINK$$@atrilabs/app-design-forest/lib/callbackHandlerTree.js",
    "refId": "15dc78fc-a5c6-4377-acd8-931c82a8ba9e",
    "childId": "4b44b1ea-9d51-41cc-81a0-fa1ad369fe9c"
  },
  {
    "id": "15dc78fc-a5c6-4377-acd8-931c82a8ba9e",
    "type": "CREATE$$@atrilabs/app-design-forest/lib/componentTree.js",
    "meta": {
      "pkg": "@atrilabs/react-component-manifests",
      "key": "Slider",
      "manifestSchemaId": "@atrilabs/react-component-manifest-schema"
    },
    "state": {
      "parent": {
        "id": "body",
        "index": 0.5
      }
    }
  },
  {
    "type": "PATCH$$@atrilabs/app-design-forest/lib/cssTree.js",
    "slice": {
      "property": {
        "styles": {
          "boxShadow": ""
        }
      }
    },
    "id": "0dad607b-5fab-437e-aa79-8a4bd2383386"
  },
  {
    "id": "15dc78fc-a5c6-4377-acd8-931c82a8ba9e",
    "type": "PATCH$$@atrilabs/app-design-forest/lib/componentTree.js",
    "slice": {
      "alias": "Slider1"
    }
  },
  {
    "type": "PATCH$$@atrilabs/app-design-forest/lib/cssTree.js",
    "slice": {
      "property": {
        "styles": {
          "boxShadow": "0px 00px 0px 0px "
        }
      }
    },
    "id": "0dad607b-5fab-437e-aa79-8a4bd2383386"
  },
  {
    "type": "PATCH$$@atrilabs/app-design-forest/lib/componentTree.js",
    "id": "15dc78fc-a5c6-4377-acd8-931c82a8ba9e",
    "slice": {
      "parent": {
        "id": "d9899c38-cc74-4869-bbd7-ddbd27e1eae7",
        "index": 1
      }
    }
  },
  {
    "type": "PATCH$$@atrilabs/app-design-forest/lib/cssTree.js",
    "slice": {
      "property": {
        "styles": {
          "boxShadow": ""
        }
      }
    },
    "id": "0dad607b-5fab-437e-aa79-8a4bd2383386"
  },
  {
    "type": "PATCH$$@atrilabs/app-design-forest/lib/cssTree.js",
    "slice": {
      "property": {
        "styles": {
          "boxShadow": "0px 00px 0px 0px "
        }
      }
    },
    "id": "0dad607b-5fab-437e-aa79-8a4bd2383386"
  },
  {
    "type": "PATCH$$@atrilabs/app-design-forest/lib/cssTree.js",
    "slice": {
      "property": {
        "styles": {
          "boxShadow": ""
        }
      }
    },
    "id": "0dad607b-5fab-437e-aa79-8a4bd2383386"
  },
  {
    "type": "PATCH$$@atrilabs/app-design-forest/lib/cssTree.js",
    "slice": {
      "property": {
        "styles": {
          "boxShadow": "0px 00px 0px 0px "
        }
      }
    },
    "id": "0dad607b-5fab-437e-aa79-8a4bd2383386"
  },
  {
    "type": "PATCH$$@atrilabs/app-design-forest/lib/cssTree.js",
    "slice": {
      "property": {
        "styles": {
          "boxShadow": ""
        }
      }
    },
    "id": "0dad607b-5fab-437e-aa79-8a4bd2383386"
  },
  {
    "type": "PATCH$$@atrilabs/app-design-forest/lib/cssTree.js",
    "slice": {
      "property": {
        "styles": {
          "boxShadow": "0px 00px 0px 0px "
        }
      }
    },
    "id": "0dad607b-5fab-437e-aa79-8a4bd2383386"
  },
  {
    "type": "PATCH$$@atrilabs/app-design-forest/lib/cssTree.js",
    "slice": {
      "property": {
        "styles": {
          "boxShadow": ""
        }
      }
    },
    "id": "d8c05d63-e2ef-43f4-b3a7-d8158cbe5346"
  },
  {
    "type": "PATCH$$@atrilabs/app-design-forest/lib/cssTree.js",
    "slice": {
      "property": {
        "styles": {
          "boxShadow": "0px 00px 0px 0px "
        }
      }
    },
    "id": "d8c05d63-e2ef-43f4-b3a7-d8158cbe5346"
  },
  {
    "type": "PATCH$$@atrilabs/app-design-forest/lib/cssTree.js",
    "slice": {
      "property": {
        "styles": {
          "boxShadow": ""
        }
      }
    },
    "id": "0dad607b-5fab-437e-aa79-8a4bd2383386"
  },
  {
    "type": "PATCH$$@atrilabs/app-design-forest/lib/cssTree.js",
    "slice": {
      "property": {
        "styles": {
          "boxShadow": "0px 00px 0px 0px "
        }
      }
    },
    "id": "0dad607b-5fab-437e-aa79-8a4bd2383386"
  },
  {
    "type": "PATCH$$@atrilabs/app-design-forest/lib/cssTree.js",
    "slice": {
      "property": {
        "styles": {
          "boxShadow": ""
        }
      }
    },
    "id": "d8c05d63-e2ef-43f4-b3a7-d8158cbe5346"
  },
  {
    "type": "PATCH$$@atrilabs/app-design-forest/lib/cssTree.js",
    "slice": {
      "property": {
        "styles": {
          "boxShadow": "0px 00px 0px 0px "
        }
      }
    },
    "id": "d8c05d63-e2ef-43f4-b3a7-d8158cbe5346"
  },
  {
    "type": "PATCH$$@atrilabs/app-design-forest/lib/cssTree.js",
    "slice": {
      "property": {
        "styles": {
          "boxShadow": ""
        }
      }
    },
    "id": "0dad607b-5fab-437e-aa79-8a4bd2383386"
  },
  {
    "type": "PATCH$$@atrilabs/app-design-forest/lib/cssTree.js",
    "slice": {
      "property": {
        "styles": {
          "boxShadow": "0px 00px 0px 0px "
        }
      }
    },
    "id": "0dad607b-5fab-437e-aa79-8a4bd2383386"
  },
  {
    "type": "PATCH$$@atrilabs/app-design-forest/lib/cssTree.js",
    "slice": {
      "property": {
        "styles": {
          "boxShadow": ""
        }
      }
    },
    "id": "d8c05d63-e2ef-43f4-b3a7-d8158cbe5346"
  },
  {
    "type": "PATCH$$@atrilabs/app-design-forest/lib/cssTree.js",
    "slice": {
      "property": {
        "styles": {
          "boxShadow": "0px 00px 0px 0px "
        }
      }
    },
    "id": "d8c05d63-e2ef-43f4-b3a7-d8158cbe5346"
  },
  {
    "type": "PATCH$$@atrilabs/app-design-forest/lib/cssTree.js",
    "slice": {
      "property": {
        "styles": {
          "boxShadow": ""
        }
      }
    },
    "id": "d8c05d63-e2ef-43f4-b3a7-d8158cbe5346"
  },
  {
    "type": "PATCH$$@atrilabs/app-design-forest/lib/cssTree.js",
    "slice": {
      "property": {
        "styles": {
          "boxShadow": "0px 00px 0px 0px "
        }
      }
    },
    "id": "d8c05d63-e2ef-43f4-b3a7-d8158cbe5346"
  },
  {
    "type": "PATCH$$@atrilabs/app-design-forest/lib/cssTree.js",
    "slice": {
      "property": {
        "styles": {
          "boxShadow": ""
        }
      }
    },
    "id": "d8c05d63-e2ef-43f4-b3a7-d8158cbe5346"
  },
  {
    "type": "PATCH$$@atrilabs/app-design-forest/lib/cssTree.js",
    "slice": {
      "property": {
        "styles": {
          "boxShadow": "0px 00px 0px 0px "
        }
      }
    },
    "id": "d8c05d63-e2ef-43f4-b3a7-d8158cbe5346"
  },
  {
    "type": "PATCH$$@atrilabs/app-design-forest/lib/cssTree.js",
    "slice": {
      "property": {
        "styles": {
          "boxShadow": ""
        }
      }
    },
    "id": "d8c05d63-e2ef-43f4-b3a7-d8158cbe5346"
  },
  {
    "type": "PATCH$$@atrilabs/app-design-forest/lib/cssTree.js",
    "slice": {
      "property": {
        "styles": {
          "boxShadow": "0px 00px 0px 0px "
        }
      }
    },
    "id": "d8c05d63-e2ef-43f4-b3a7-d8158cbe5346"
  },
  {
    "type": "PATCH$$@atrilabs/app-design-forest/lib/cssTree.js",
    "slice": {
      "property": {
        "styles": {
          "boxShadow": ""
        }
      }
    },
    "id": "d8c05d63-e2ef-43f4-b3a7-d8158cbe5346"
  },
  {
    "type": "PATCH$$@atrilabs/app-design-forest/lib/cssTree.js",
    "slice": {
      "property": {
        "styles": {
          "boxShadow": "0px 00px 0px 0px "
        }
      }
    },
    "id": "d8c05d63-e2ef-43f4-b3a7-d8158cbe5346"
  },
  {
    "type": "PATCH$$@atrilabs/app-design-forest/lib/cssTree.js",
    "slice": {
      "property": {
        "styles": {
          "boxShadow": ""
        }
      }
    },
    "id": "0dad607b-5fab-437e-aa79-8a4bd2383386"
  },
  {
    "type": "PATCH$$@atrilabs/app-design-forest/lib/cssTree.js",
    "slice": {
      "property": {
        "styles": {
          "boxShadow": "0px 00px 0px 0px "
        }
      }
    },
    "id": "0dad607b-5fab-437e-aa79-8a4bd2383386"
  },
  {
    "type": "PATCH$$@atrilabs/app-design-forest/lib/cssTree.js",
    "slice": {
      "property": {
        "styles": {
          "boxShadow": ""
        }
      }
    },
    "id": "0dad607b-5fab-437e-aa79-8a4bd2383386"
  },
  {
    "type": "PATCH$$@atrilabs/app-design-forest/lib/cssTree.js",
    "slice": {
      "property": {
        "styles": {
          "boxShadow": "0px 00px 0px 0px "
        }
      }
    },
    "id": "0dad607b-5fab-437e-aa79-8a4bd2383386"
  },
  {
    "type": "PATCH$$@atrilabs/app-design-forest/lib/cssTree.js",
    "slice": {
      "property": {
        "styles": {
          "boxShadow": ""
        }
      }
    },
    "id": "0dad607b-5fab-437e-aa79-8a4bd2383386"
  },
  {
    "type": "PATCH$$@atrilabs/app-design-forest/lib/cssTree.js",
    "slice": {
      "property": {
        "styles": {
          "boxShadow": "0px 00px 0px 0px "
        }
      }
    },
    "id": "0dad607b-5fab-437e-aa79-8a4bd2383386"
  },
  {
    "type": "PATCH$$@atrilabs/app-design-forest/lib/cssTree.js",
    "slice": {
      "property": {
        "styles": {
          "boxShadow": ""
        }
      }
    },
    "id": "0dad607b-5fab-437e-aa79-8a4bd2383386"
  },
  {
    "type": "PATCH$$@atrilabs/app-design-forest/lib/cssTree.js",
    "slice": {
      "property": {
        "styles": {
          "boxShadow": "0px 00px 0px 0px "
        }
      }
    },
    "id": "0dad607b-5fab-437e-aa79-8a4bd2383386"
  },
  {
    "type": "PATCH$$@atrilabs/app-design-forest/lib/cssTree.js",
    "slice": {
      "property": {
        "styles": {
          "boxShadow": ""
        }
      }
    },
    "id": "0dad607b-5fab-437e-aa79-8a4bd2383386"
  },
  {
    "type": "PATCH$$@atrilabs/app-design-forest/lib/cssTree.js",
    "slice": {
      "property": {
        "styles": {
          "boxShadow": "0px 00px 0px 0px "
        }
      }
    },
    "id": "0dad607b-5fab-437e-aa79-8a4bd2383386"
  },
  {
    "type": "PATCH$$@atrilabs/app-design-forest/lib/cssTree.js",
    "slice": {
      "property": {
        "styles": {
          "boxShadow": ""
        }
      }
    },
    "id": "d8c05d63-e2ef-43f4-b3a7-d8158cbe5346"
  },
  {
    "type": "PATCH$$@atrilabs/app-design-forest/lib/cssTree.js",
    "slice": {
      "property": {
        "styles": {
          "boxShadow": "0px 00px 0px 0px "
        }
      }
    },
    "id": "d8c05d63-e2ef-43f4-b3a7-d8158cbe5346"
  },
  {
    "type": "PATCH$$@atrilabs/app-design-forest/lib/cssTree.js",
    "slice": {
      "breakpoints": {
        "478": {
          "property": {
            "styles": {
              "boxShadow": ""
            }
          }
        }
      }
    },
    "id": "d8c05d63-e2ef-43f4-b3a7-d8158cbe5346"
  },
  {
    "type": "PATCH$$@atrilabs/app-design-forest/lib/cssTree.js",
    "slice": {
      "breakpoints": {
        "478": {
          "property": {
            "styles": {
              "boxShadow": "0px 00px 0px 0px "
            }
          }
        }
      }
    },
    "id": "d8c05d63-e2ef-43f4-b3a7-d8158cbe5346"
  },
  {
    "type": "PATCH$$@atrilabs/app-design-forest/lib/cssTree.js",
    "slice": {
      "property": {
        "styles": {
          "boxShadow": ""
        }
      }
    },
    "id": "d8c05d63-e2ef-43f4-b3a7-d8158cbe5346"
  },
  {
    "type": "PATCH$$@atrilabs/app-design-forest/lib/cssTree.js",
    "slice": {
      "property": {
        "styles": {
          "boxShadow": "0px 00px 0px 0px "
        }
      }
    },
    "id": "d8c05d63-e2ef-43f4-b3a7-d8158cbe5346"
  },
  {
    "type": "DELETE$$@atrilabs/app-design-forest/lib/componentTree.js",
    "id": "a458dc89-cac1-4831-9f13-3f7c97025dac"
  },
  {
    "type": "PATCH$$@atrilabs/app-design-forest/lib/cssTree.js",
    "slice": {
      "property": {
        "styles": {
          "boxShadow": ""
        }
      }
    },
    "id": "0dad607b-5fab-437e-aa79-8a4bd2383386"
  },
  {
    "type": "PATCH$$@atrilabs/app-design-forest/lib/cssTree.js",
    "slice": {
      "property": {
        "styles": {
          "boxShadow": "0px 00px 0px 0px "
        }
      }
    },
    "id": "0dad607b-5fab-437e-aa79-8a4bd2383386"
  },
  {
    "type": "DELETE$$@atrilabs/app-design-forest/lib/componentTree.js",
    "id": "15dc78fc-a5c6-4377-acd8-931c82a8ba9e"
  },
  {
    "type": "PATCH$$@atrilabs/app-design-forest/lib/cssTree.js",
    "slice": {
      "property": {
        "styles": {
          "boxShadow": ""
        }
      }
    },
    "id": "4e4f81cf-5fa7-4fde-b277-07beab5cbb9b"
  },
  {
    "type": "PATCH$$@atrilabs/app-design-forest/lib/cssTree.js",
    "slice": {
      "property": {
        "styles": {
          "boxShadow": "0px 00px 0px 0px "
        }
      }
    },
    "id": "4e4f81cf-5fa7-4fde-b277-07beab5cbb9b"
  },
  {
    "type": "DELETE$$@atrilabs/app-design-forest/lib/componentTree.js",
    "id": "d9899c38-cc74-4869-bbd7-ddbd27e1eae7"
  }
]