{
  "626b430f89bf78328a4b44ad_webfolio-x-webflow-template-logo.svg": {
    "mime": "image/svg+xml"
  },
  "icons8-shopping-bag-100.png": {
    "mime": "image/png"
  },
  "AGENDA-1024x307.png": {
    "mime": "image/png"
  },
  "icons8-expand-arrow-60.png": {
    "mime": "image/png"
  },
  "60e7971cc340a26c7a072b55_app-x-thumbnail-image-portfolio-x-webflow-template.jpg": {
    "mime": "image/jpeg"
  },
  "temp1.jpg": {
    "mime": "image/jpeg"
  },
  "temp4.jpg": {
    "mime": "image/jpeg"
  },
  "temp3.jpg": {
    "mime": "image/jpeg"
  },
  "temp2.jpg": {
    "mime": "image/jpeg"
  },
  "temp5.jpeg": {
    "mime": "image/jpeg"
  },
  "temp8.svg": {
    "mime": "image/svg+xml"
  },
  "temp7.svg": {
    "mime": "image/svg+xml"
  },
  "temp6.svg": {
    "mime": "image/svg+xml"
  },
  "temp11.svg": {
    "mime": "image/svg+xml"
  },
  "temp10.svg": {
    "mime": "image/svg+xml"
  },
  "temp9.svg": {
    "mime": "image/svg+xml"
  },
  "temp13.jpeg": {
    "mime": "image/jpeg"
  },
  "temp12.jpeg": {
    "mime": "image/jpeg"
  },
  "temp14.png": {
    "mime": "image/png"
  },
  "social icons.jpg": {
    "mime": "image/jpeg"
  }
}